time,wavelength,irradiance
1504655941,0.15,3.18E-07
1504656001,0.15,3.19E-07
1504656061,0.15,3.20E-07
1504656121,0.15,3.19E-07
1504656181,0.15,3.21E-07
1504656241,0.15,3.28E-07
1504656301,0.15,3.38E-07
1504656361,0.15,3.51E-07
1504656421,0.15,3.61E-07
1504656481,0.15,3.78E-07
1504656541,0.15,3.81E-07
1504656601,0.15,3.88E-07
1504656661,0.15,4.05E-07
1504656721,0.15,4.11E-07
1504656781,0.15,4.01E-07
1504656841,0.15,3.85E-07
1504656901,0.15,3.75E-07
1504656961,0.15,3.65E-07
1504657021,0.15,3.55E-07
1504657081,0.15,3.45E-07
1504657141,0.15,3.40E-07
1504657201,0.15,3.35E-07
1504657261,0.15,3.29E-07
1504657321,0.15,3.21E-07
1504657381,0.15,3.13E-07
1504657441,0.15,3.11E-07
1504657501,0.15,3.08E-07
1504657561,0.15,3.07E-07
1504657621,0.15,3.08E-07
1504657681,0.15,3.08E-07
1504657741,0.15,3.05E-07
1504657801,0.15,3.10E-07
1504657861,0.15,3.11E-07
1504657921,0.15,3.10E-07
1504657981,0.15,3.06E-07
1504658041,0.15,3.04E-07
1504658101,0.15,3.07E-07
1504658161,0.15,3.09E-07
1504658221,0.15,3.09E-07
1504658281,0.15,3.06E-07
1504658341,0.15,3.05E-07
1504658401,0.15,3.07E-07
1504658461,0.15,3.09E-07
1504658521,0.15,3.12E-07
1504658581,0.15,3.12E-07
1504658641,0.15,3.14E-07
1504658701,0.15,3.16E-07
1504658761,0.15,3.22E-07
1504658821,0.15,3.21E-07
1504658881,0.15,3.26E-07
1504658941,0.15,3.35E-07
1504659001,0.15,3.41E-07
1504659061,0.15,3.41E-07
1504659121,0.15,3.45E-07
1504659181,0.15,3.51E-07
1504659241,0.15,3.55E-07
1504659301,0.15,3.58E-07
1504659361,0.15,3.65E-07
1504659421,0.15,3.75E-07
1504659481,0.15,3.81E-07
1504659541,0.15,3.88E-07
1504659601,0.15,3.95E-07
1504659661,0.15,3.91E-07
1504659721,0.15,3.91E-07
1504659781,0.15,3.91E-07
1504659841,0.15,3.88E-07
1504659901,0.15,3.88E-07
1504659961,0.15,3.85E-07
1504660021,0.15,3.78E-07
1504660081,0.15,3.75E-07
1504660141,0.15,3.68E-07
1504660201,0.15,3.61E-07
1504660261,0.15,3.61E-07
1504660321,0.15,3.61E-07
1504660381,0.15,3.65E-07
1504660441,0.15,3.81E-07
1504660501,0.15,3.95E-07
1504660561,0.15,3.95E-07
1504660621,0.15,3.95E-07
1504660681,0.15,3.88E-07
1504660741,0.15,3.75E-07
1504660801,0.15,3.68E-07
1504660861,0.15,3.61E-07
1504660921,0.15,3.58E-07
1504660981,0.15,3.51E-07
1504661041,0.15,3.48E-07
1504661101,0.15,3.45E-07
1504661161,0.15,3.40E-07
1504661221,0.15,3.36E-07
1504661281,0.15,3.33E-07
1504661341,0.15,3.31E-07
1504661401,0.15,3.27E-07
1504661461,0.15,3.21E-07
1504661521,0.15,3.20E-07
1504661581,0.15,3.16E-07
1504661641,0.15,3.12E-07
1504661701,0.15,3.09E-07
1504661761,0.15,3.10E-07
1504661821,0.15,3.10E-07
1504661881,0.15,3.11E-07
1504661941,0.15,3.13E-07
1504662001,0.15,3.09E-07
1504662061,0.15,3.06E-07
1504662121,0.15,3.06E-07
1504662181,0.15,3.03E-07
1504662241,0.15,3.07E-07
1504662301,0.15,3.06E-07
1504662361,0.15,3.03E-07
1504662421,0.15,3.04E-07
1504662481,0.15,3.05E-07
1504662541,0.15,3.09E-07
1504662601,0.15,3.15E-07
1504662661,0.15,3.32E-07
1504662721,0.15,3.32E-07
1504662781,0.15,3.28E-07
1504662841,0.15,3.31E-07
1504662901,0.15,3.36E-07
1504662961,0.15,3.40E-07
1504663021,0.15,3.51E-07
1504663081,0.15,3.78E-07
1504663141,0.15,4.11E-07
1504663201,0.15,4.35E-07
1504663261,0.15,4.58E-07
1504663321,0.15,4.45E-07
1504663381,0.15,4.38E-07
1504663441,0.15,4.38E-07
1504663501,0.15,4.35E-07
1504663561,0.15,4.38E-07
1504663621,0.15,4.45E-07
1504663681,0.15,4.52E-07
1504663741,0.15,4.62E-07
1504663801,0.15,4.72E-07
1504663861,0.15,4.85E-07
1504663921,0.15,4.95E-07
1504663981,0.15,5.02E-07
1504664041,0.15,5.12E-07
1504664101,0.15,5.12E-07
1504664161,0.15,5.12E-07
1504664221,0.15,5.15E-07
1504664281,0.15,5.12E-07
1504664341,0.15,5.22E-07
1504664401,0.15,6.28E-07
1504664461,0.15,5.45E-07
1504664521,0.15,5.08E-07
1504664581,0.15,5.42E-07
1504664641,0.15,5.55E-07
1504664701,0.15,5.42E-07
1504664761,0.15,5.05E-07
1504664821,0.15,4.85E-07
1504664881,0.15,4.68E-07
1504664941,0.15,4.62E-07
1504665001,0.15,4.68E-07
1504665061,0.15,4.75E-07
1504665121,0.15,4.78E-07
1504665181,0.15,4.78E-07
1504665241,0.15,4.78E-07
1504665301,0.15,4.75E-07
1504665361,0.15,4.68E-07
1504665421,0.15,4.62E-07
1504665481,0.15,4.58E-07
1504665541,0.15,4.48E-07
1504665601,0.15,4.45E-07
1504665661,0.15,4.38E-07
1504665721,0.15,4.32E-07
1504665781,0.15,4.25E-07
1504665841,0.15,4.18E-07
1504665901,0.15,4.15E-07
1504665961,0.15,4.15E-07
1504666021,0.15,4.15E-07
1504666081,0.15,4.15E-07
1504666141,0.15,4.15E-07
1504666201,0.15,4.12E-07
1504666261,0.15,4.12E-07
1504666321,0.15,4.12E-07
1504666381,0.15,4.12E-07
1504666441,0.15,4.15E-07
1504666501,0.15,4.18E-07
1504666561,0.15,4.25E-07
1504666621,0.15,4.25E-07
1504666681,0.15,4.35E-07
1504666741,0.15,4.55E-07
1504666801,0.15,5.42E-07
1504666861,0.15,5.65E-07
1504666921,0.15,5.42E-07
1504666981,0.15,5.05E-07
1504667041,0.15,4.72E-07
1504667101,0.15,4.58E-07
1504667161,0.15,4.35E-07
1504667221,0.15,4.15E-07
1504667281,0.15,4.08E-07
1504667341,0.15,4.08E-07
1504667401,0.15,4.05E-07
1504667461,0.15,3.95E-07
1504667521,0.15,3.88E-07
1504667581,0.15,3.88E-07
1504667641,0.15,3.85E-07
1504667701,0.15,3.88E-07
1504667761,0.15,3.85E-07
1504667821,0.15,3.82E-07
1504667881,0.15,3.78E-07
1504667941,0.15,3.75E-07
1504668001,0.15,3.71E-07
1504668061,0.15,3.71E-07
1504668121,0.15,3.71E-07
1504668181,0.15,3.68E-07
1504668241,0.15,3.61E-07
1504668301,0.15,3.61E-07
1504668361,0.15,3.68E-07
1504668421,0.15,3.82E-07
1504668481,0.15,3.95E-07
1504668541,0.15,4.25E-07
1504668601,0.15,4.38E-07
1504668661,0.15,4.55E-07
1504668721,0.15,4.58E-07
1504668781,0.15,4.55E-07
1504668841,0.15,4.48E-07
1504668901,0.15,4.52E-07
1504668961,0.15,4.42E-07
1504669021,0.15,4.32E-07
1504669081,0.15,4.32E-07
1504669141,0.15,4.42E-07
1504669201,0.15,4.38E-07
1504669261,0.15,4.32E-07
1504669321,0.15,4.32E-07
1504669381,0.15,4.32E-07
1504669441,0.15,4.22E-07
1504669501,0.15,4.05E-07
1504669561,0.15,3.95E-07
1504669621,0.15,3.82E-07
1504669681,0.15,3.72E-07
1504669741,0.15,3.95E-07
1504669801,0.15,3.78E-07
1504669861,0.15,3.72E-07
1504669921,0.15,3.72E-07
1504669981,0.15,3.72E-07
1504670041,0.15,3.62E-07
1504670101,0.15,3.55E-07
1504670161,0.15,3.55E-07
1504670221,0.15,3.68E-07
1504670281,0.15,3.75E-07
1504670341,0.15,3.45E-07
1504670401,0.15,3.30E-07
1504670461,0.15,3.30E-07
1504670521,0.15,3.32E-07
1504670581,0.15,3.34E-07
1504670641,0.15,3.45E-07
1504670701,0.15,3.51E-07
1504670761,0.15,3.58E-07
1504670821,0.15,3.55E-07
1504670881,0.15,3.51E-07
1504670941,0.15,3.55E-07
1504671001,0.15,3.41E-07
1504671061,0.15,3.34E-07
1504671121,0.15,3.25E-07
1504671181,0.15,3.20E-07
1504671241,0.15,3.21E-07
1504671301,0.15,3.26E-07
1504671361,0.15,3.25E-07
1504671421,0.15,3.20E-07
1504671481,0.15,3.23E-07
1504671541,0.15,3.33E-07
1504671601,0.15,3.52E-07
1504671661,0.15,3.65E-07
1504671721,0.15,3.82E-07
1504671781,0.15,4.05E-07
1504671841,0.15,4.22E-07
1504671901,0.15,4.12E-07
1504671961,0.15,4.08E-07
1504672021,0.15,4.18E-07
1504672081,0.15,4.28E-07
1504672141,0.15,4.25E-07
1504672201,0.15,4.25E-07
1504672261,0.15,4.32E-07
1504672321,0.15,4.42E-07
1504672381,0.15,4.35E-07
1504672441,0.15,4.42E-07
1504672501,0.15,4.45E-07
1504672561,0.15,4.45E-07
1504672621,0.15,4.48E-07
1504672681,0.15,4.82E-07
1504672741,0.15,5.08E-07
1504672801,0.15,4.65E-07
1504672861,0.15,4.65E-07
1504672921,0.15,4.75E-07
1504672981,0.15,4.95E-07
1504673041,0.15,5.18E-07
1504673101,0.15,5.38E-07
1504673161,0.15,5.42E-07
1504673221,0.15,5.38E-07
1504673281,0.15,5.38E-07
1504673341,0.15,5.42E-07
1504673401,0.15,5.38E-07
1504673461,0.15,5.32E-07
1504673521,0.15,5.28E-07
1504673581,0.15,5.25E-07
1504673641,0.15,5.22E-07
1504673701,0.15,5.18E-07
1504673761,0.15,5.15E-07
1504673821,0.15,5.12E-07
1504673881,0.15,5.05E-07
1504673941,0.15,5.02E-07
1504674001,0.15,4.95E-07
1504674061,0.15,4.92E-07
1504674121,0.15,4.85E-07
1504674181,0.15,4.78E-07
1504674241,0.15,4.72E-07
1504674301,0.15,4.65E-07
1504674361,0.15,4.62E-07
1504674421,0.15,4.58E-07
1504674481,0.15,4.55E-07
1504674541,0.15,4.48E-07
1504674601,0.15,4.42E-07
1504674661,0.15,4.38E-07
1504674721,0.15,4.48E-07
1504674781,0.15,4.58E-07
1504674841,0.15,4.58E-07
1504674901,0.15,4.45E-07
1504674961,0.15,4.32E-07
1504675021,0.15,4.18E-07
1504675081,0.15,4.05E-07
1504675141,0.15,3.95E-07
1504675201,0.15,3.85E-07
1504675261,0.15,3.75E-07
1504675321,0.15,3.65E-07
1504675381,0.15,3.58E-07
1504675441,0.15,3.48E-07
1504675501,0.15,3.45E-07
1504675561,0.15,3.39E-07
1504675621,0.15,3.34E-07
1504675681,0.15,3.32E-07
1504675741,0.15,3.28E-07
1504675801,0.15,3.24E-07
1504675861,0.15,3.19E-07
1504675921,0.15,3.16E-07
1504675981,0.15,3.10E-07
1504676041,0.15,3.26E-07
1504676101,0.15,3.25E-07
1504676161,0.15,3.15E-07
1504676221,0.15,3.14E-07
1504676281,0.15,3.12E-07
1504676341,0.15,3.07E-07
1504676401,0.15,3.03E-07
1504676461,0.15,3.02E-07
1504676521,0.15,3.00E-07
1504676581,0.15,2.99E-07
1504676641,0.15,3.04E-07
1504676701,0.15,3.22E-07
1504676761,0.15,3.52E-07
1504676821,0.15,3.58E-07
1504676881,0.15,3.62E-07
1504676941,0.15,3.62E-07
1504677001,0.15,3.62E-07
1504677061,0.15,3.58E-07
1504677121,0.15,3.55E-07
1504677181,0.15,3.55E-07
1504677241,0.15,3.55E-07
1504677301,0.15,3.52E-07
1504677361,0.15,3.45E-07
1504677421,0.15,3.40E-07
1504677481,0.15,3.37E-07
1504677541,0.15,3.35E-07
1504677601,0.15,3.34E-07
1504677661,0.15,3.35E-07
1504677721,0.15,3.39E-07
1504677781,0.15,3.41E-07
1504677841,0.15,3.40E-07
1504677901,0.15,3.33E-07
1504677961,0.15,3.30E-07
1504678021,0.15,3.24E-07
1504678081,0.15,3.21E-07
1504678141,0.15,3.20E-07
1504678201,0.15,3.20E-07
1504678261,0.15,3.20E-07
1504678321,0.15,3.27E-07
1504678381,0.15,3.39E-07
1504678441,0.15,3.40E-07
1504678501,0.15,3.37E-07
1504678561,0.15,3.37E-07
1504678621,0.15,3.52E-07
1504678681,0.15,3.98E-07
1504678741,0.15,4.68E-07
1504678801,0.15,5.25E-07
1504678861,0.15,5.55E-07
1504678921,0.15,5.69E-07
1504678981,0.15,5.65E-07
1504679041,0.15,5.55E-07
1504679101,0.15,5.42E-07
1504679161,0.15,5.18E-07
1504679221,0.15,4.92E-07
1504679281,0.15,4.72E-07
1504679341,0.15,4.52E-07
1504679401,0.15,4.35E-07
1504679461,0.15,4.18E-07
1504679521,0.15,4.05E-07
1504679581,0.15,3.88E-07
1504679641,0.15,3.78E-07
1504679701,0.15,3.72E-07
1504679761,0.15,3.65E-07
1504679821,0.15,3.58E-07
1504679881,0.15,3.52E-07
1504679941,0.15,3.52E-07
1504680001,0.15,3.52E-07
1504680061,0.15,3.52E-07
1504680121,0.15,3.48E-07
1504680181,0.15,3.52E-07
1504680241,0.15,3.62E-07
1504680301,0.15,3.72E-07
1504680361,0.15,3.82E-07
1504680421,0.15,3.92E-07
1504680481,0.15,3.98E-07
1504680541,0.15,4.12E-07
1504680601,0.15,4.25E-07
1504680661,0.15,4.45E-07
1504680721,0.15,4.65E-07
1504680781,0.15,4.85E-07
1504680841,0.15,4.98E-07
1504680901,0.15,5.15E-07
1504680961,0.15,5.28E-07
1504681021,0.15,5.38E-07
1504681081,0.15,5.49E-07
1504681141,0.15,5.55E-07
1504681201,0.15,5.62E-07
1504681261,0.15,5.62E-07
1504681321,0.15,5.69E-07
1504681381,0.15,5.72E-07
1504681441,0.15,5.75E-07
1504681501,0.15,6.49E-07
1504681561,0.15,7.15E-07
1504681621,0.15,7.62E-07
1504681681,0.15,7.45E-07
1504681741,0.15,7.19E-07
1504681801,0.15,6.89E-07
1504681861,0.15,6.49E-07
1504681921,0.15,6.05E-07
1504681981,0.15,5.69E-07
1504682041,0.15,5.45E-07
1504682101,0.15,5.22E-07
1504682161,0.15,5.05E-07
1504682221,0.15,4.92E-07
1504682281,0.15,4.78E-07
1504682341,0.15,4.75E-07
1504682401,0.15,6.09E-07
1504682461,0.15,7.25E-07
1504682521,0.15,7.15E-07
1504682581,0.15,6.65E-07
1504682641,0.15,6.19E-07
1504682701,0.15,5.79E-07
1504682761,0.15,5.45E-07
1504682821,0.15,5.18E-07
1504682881,0.15,5.08E-07
1504682941,0.15,5.18E-07
1504683001,0.15,5.25E-07
1504683061,0.15,5.79E-07
1504683121,0.15,7.75E-07
1504683181,0.15,8.89E-07
1504683241,0.15,9.09E-07
1504683301,0.15,8.92E-07
1504683361,0.15,8.89E-07
1504683421,0.15,8.99E-07
1504683481,0.15,9.02E-07
1504683541,0.15,9.09E-07
1504683601,0.15,8.92E-07
1504683661,0.15,8.49E-07
1504683721,0.15,8.22E-07
1504683781,0.15,8.22E-07
1504683841,0.15,7.99E-07
1504683901,0.15,7.69E-07
1504683961,0.15,7.42E-07
1504684021,0.15,7.15E-07
1504684081,0.15,7.05E-07
1504684141,0.15,7.02E-07
1504684201,0.15,7.12E-07
1504684261,0.15,7.19E-07
1504684321,0.15,7.12E-07
1504684381,0.15,7.05E-07
1504684441,0.15,6.99E-07
1504684501,0.15,6.95E-07
1504684561,0.15,7.05E-07
1504684621,0.15,7.29E-07
1504684681,0.15,7.59E-07
1504684741,0.15,7.65E-07
1504684801,0.15,7.69E-07
1504684861,0.15,7.75E-07
1504684921,0.15,7.72E-07
1504684981,0.15,7.65E-07
1504685041,0.15,7.82E-07
1504685101,0.15,7.69E-07
1504685161,0.15,7.39E-07
1504685221,0.15,7.15E-07
1504685281,0.15,6.95E-07
1504685341,0.15,6.82E-07
1504685401,0.15,6.69E-07
1504685461,0.15,6.65E-07
1504685521,0.15,6.69E-07
1504685581,0.15,6.62E-07
1504685641,0.15,6.52E-07
1504685701,0.15,6.29E-07
1504685761,0.15,6.19E-07
1504685821,0.15,5.95E-07
1504685881,0.15,5.79E-07
1504685941,0.15,5.69E-07
1504686001,0.15,5.65E-07
1504686061,0.15,5.65E-07
1504686121,0.15,5.62E-07
1504686181,0.15,5.59E-07
1504686241,0.15,5.69E-07
1504686301,0.15,5.79E-07
1504686361,0.15,5.99E-07
1504686421,0.15,6.15E-07
1504686481,0.15,6.15E-07
1504686541,0.15,6.15E-07
1504686601,0.15,6.72E-07
1504686661,0.15,7.05E-07
1504686721,0.15,7.09E-07
1504686781,0.15,6.75E-07
1504686841,0.15,7.15E-07
1504686901,0.15,7.32E-07
1504686961,0.15,7.39E-07
1504687021,0.15,7.32E-07
1504687081,0.15,7.32E-07
1504687141,0.15,7.22E-07
1504687201,0.15,7.09E-07
1504687261,0.15,6.99E-07
1504687321,0.15,6.92E-07
1504687381,0.15,6.89E-07
1504687441,0.15,6.79E-07
1504687501,0.15,6.75E-07
1504687561,0.15,6.79E-07
1504687621,0.15,6.89E-07
1504687681,0.15,7.09E-07
1504687741,0.15,7.22E-07
1504687801,0.15,7.39E-07
1504687861,0.15,7.59E-07
1504687921,0.15,8.09E-07
1504687981,0.15,8.86E-07
1504688041,0.15,9.26E-07
1504688101,0.15,9.49E-07
1504688161,0.15,9.72E-07
1504688221,0.15,1.02E-06
1504688281,0.15,1.08E-06
1504688341,0.15,1.23E-06
1504688401,0.15,1.78E-06
1504688461,0.15,2.80E-06
1504688521,0.15,5.45E-06
1504688581,0.15,1.45E-05
1504688641,0.15,2.90E-05
1504688701,0.15,3.47E-05
1504688761,0.15,3.81E-05
1504688821,0.15,4.21E-05
1504688881,0.15,5.61E-05
1504688941,0.15,7.08E-05
1504689001,0.15,7.58E-05
1504689061,0.15,7.24E-05
1504689121,0.15,6.64E-05
1504689181,0.15,5.94E-05
1504689241,0.15,5.21E-05
1504689301,0.15,4.54E-05
1504689361,0.15,4.01E-05
1504689421,0.15,3.61E-05
1504689481,0.15,3.22E-05
1504689541,0.15,2.94E-05
1504689601,0.15,2.73E-05
1504689661,0.15,2.60E-05
1504689721,0.15,2.51E-05
1504689781,0.15,2.49E-05
1504689841,0.15,2.58E-05
1504689901,0.15,2.68E-05
1504689961,0.15,2.55E-05
1504690021,0.15,2.57E-05
1504690081,0.15,2.57E-05
1504690141,0.15,2.51E-05
1504690201,0.15,2.42E-05
1504690261,0.15,2.31E-05
1504690321,0.15,2.19E-05
1504690381,0.15,2.06E-05
1504690441,0.15,1.95E-05
1504690501,0.15,1.86E-05
1504690561,0.15,1.77E-05
1504690621,0.15,1.70E-05
1504690681,0.15,1.64E-05
1504690741,0.15,1.58E-05
1504690801,0.15,1.53E-05
1504690861,0.15,1.48E-05
1504690921,0.15,1.43E-05
1504690981,0.15,1.38E-05
1504691041,0.15,1.34E-05
1504691101,0.15,1.31E-05
1504691161,0.15,1.28E-05
1504691221,0.15,1.26E-05
1504691281,0.15,1.23E-05
1504691341,0.15,1.20E-05
1504691401,0.15,1.17E-05
1504691461,0.15,1.15E-05
1504691521,0.15,1.13E-05
1504691581,0.15,1.11E-05
1504691641,0.15,1.09E-05
1504691701,0.15,1.06E-05
1504691761,0.15,1.04E-05
1504691821,0.15,1.02E-05
1504691881,0.15,9.99E-06
1504691941,0.15,9.72E-06
1504692001,0.15,9.49E-06
1504692061,0.15,9.35E-06
1504692121,0.15,9.15E-06
1504692181,0.15,8.92E-06
1504692241,0.15,8.69E-06
1504692301,0.15,8.49E-06
1504692361,0.15,8.28E-06
1504692421,0.15,8.05E-06
1504692481,0.15,7.88E-06
1504692541,0.15,7.72E-06
1504692601,0.15,7.55E-06
1504692661,0.15,7.35E-06
1504692721,0.15,7.18E-06
1504692781,0.15,6.98E-06
1504692841,0.15,6.85E-06
1504692901,0.15,6.75E-06
1504692961,0.15,6.62E-06
1504693021,0.15,6.48E-06
1504693081,0.15,6.35E-06
1504693141,0.15,6.22E-06
1504693201,0.15,6.08E-06
1504693261,0.15,5.95E-06
1504693321,0.15,5.82E-06
1504693381,0.15,5.68E-06
1504693441,0.15,5.58E-06
1504693501,0.15,5.48E-06
1504693561,0.15,5.38E-06
1504693621,0.15,5.31E-06
1504693681,0.15,5.21E-06
1504693741,0.15,5.18E-06
1504693801,0.15,5.15E-06
1504693861,0.15,5.11E-06
1504693921,0.15,5.01E-06
1504693981,0.15,4.95E-06
1504694041,0.15,4.88E-06
1504694101,0.15,4.81E-06
1504694161,0.15,4.75E-06
1504694221,0.15,4.65E-06
1504694281,0.15,4.55E-06
1504694341,0.15,4.45E-06
1504694401,0.15,4.38E-06
1504694461,0.15,4.31E-06
1504694521,0.15,4.25E-06
1504694581,0.15,4.18E-06
1504694641,0.15,4.11E-06
1504694701,0.15,4.05E-06
1504694761,0.15,3.98E-06
1504694821,0.15,3.95E-06
1504694881,0.15,3.88E-06
1504694941,0.15,3.85E-06
1504695001,0.15,3.81E-06
1504695061,0.15,3.78E-06
1504695121,0.15,3.75E-06
1504695181,0.15,3.71E-06
1504695241,0.15,3.68E-06
1504695301,0.15,3.65E-06
1504695361,0.15,3.58E-06
1504695421,0.15,3.51E-06
1504695481,0.15,3.45E-06
1504695541,0.15,3.41E-06
1504695601,0.15,3.35E-06
1504695661,0.15,3.35E-06
1504695721,0.15,3.51E-06
1504695781,0.15,3.78E-06
1504695841,0.15,3.95E-06
1504695901,0.15,4.01E-06
1504695961,0.15,4.01E-06
1504696021,0.15,3.95E-06
1504696081,0.15,3.88E-06
1504696141,0.15,3.85E-06
1504696201,0.15,3.81E-06
1504696261,0.15,3.78E-06
1504696321,0.15,3.75E-06
1504696381,0.15,3.78E-06
1504696441,0.15,3.85E-06
1504696501,0.15,3.78E-06
1504696561,0.15,3.71E-06
1504696621,0.15,3.61E-06
1504696681,0.15,3.51E-06
1504696741,0.15,3.41E-06
1504696801,0.15,3.30E-06
1504696861,0.15,3.18E-06
1504696921,0.15,3.07E-06
1504696981,0.15,2.97E-06
1504697041,0.15,2.89E-06
1504697101,0.15,2.84E-06
1504697161,0.15,2.82E-06
1504697221,0.15,2.80E-06
1504697281,0.15,2.77E-06
1504697341,0.15,2.71E-06
1504697401,0.15,2.64E-06
1504697461,0.15,2.57E-06
1504697521,0.15,2.49E-06
1504697581,0.15,2.43E-06
1504697641,0.15,2.38E-06
1504697701,0.15,2.32E-06
1504697761,0.15,2.29E-06
1504697821,0.15,2.27E-06
1504697881,0.15,2.27E-06
1504697941,0.15,2.27E-06
1504698001,0.15,2.26E-06
1504698061,0.15,2.23E-06
1504698121,0.15,2.20E-06
1504698181,0.15,2.15E-06
1504698241,0.15,2.11E-06
1504698301,0.15,2.07E-06
1504698361,0.15,2.02E-06
1504698421,0.15,1.95E-06
1504698481,0.15,1.88E-06
1504698541,0.15,1.82E-06
1504698601,0.15,1.77E-06
1504698661,0.15,1.73E-06
1504698721,0.15,1.69E-06
1504698781,0.15,1.69E-06
1504698841,0.15,2.68E-06
1504698901,0.15,7.58E-06
1504698961,0.15,4.37E-05
1504699021,0.15,1.24E-04
1504699081,0.15,1.91E-04
1504699141,0.15,2.26E-04
1504699201,0.15,2.64E-04
1504699261,0.15,3.00E-04
1504699321,0.15,3.11E-04
1504699381,0.15,2.93E-04
1504699441,0.15,2.66E-04
1504699501,0.15,2.41E-04
1504699561,0.15,2.18E-04
1504699621,0.15,1.99E-04
1504699681,0.15,1.81E-04
1504699741,0.15,1.65E-04
1504699801,0.15,1.49E-04
1504699861,0.15,1.35E-04
1504699921,0.15,1.21E-04
1504699981,0.15,1.11E-04
1504700041,0.15,1.00E-04
1504700101,0.15,9.05E-05
1504700161,0.15,8.24E-05
1504700221,0.15,7.54E-05
1504700281,0.15,6.91E-05
1504700341,0.15,6.38E-05
1504700401,0.15,6.01E-05
1504700461,0.15,5.67E-05
1504700521,0.15,5.47E-05
1504700581,0.15,5.34E-05
1504700641,0.15,5.27E-05
1504700701,0.15,5.31E-05
1504700761,0.15,5.37E-05
1504700821,0.15,5.44E-05
1504700881,0.15,5.51E-05
1504700941,0.15,5.57E-05
1504701001,0.15,5.64E-05
1504701061,0.15,5.71E-05
1504701121,0.15,5.81E-05
1504701181,0.15,5.87E-05
1504701241,0.15,5.94E-05
1504701301,0.15,6.04E-05
1504701361,0.15,6.07E-05
1504701421,0.15,6.14E-05
1504701481,0.15,6.21E-05
1504701541,0.15,6.24E-05
1504701601,0.15,6.28E-05
1504701661,0.15,6.31E-05
1504701721,0.15,6.31E-05
1504701781,0.15,6.31E-05
1504701841,0.15,6.34E-05
1504701901,0.15,6.38E-05
1504701961,0.15,6.38E-05
1504702021,0.15,6.34E-05
1504702081,0.15,6.34E-05
1504702141,0.15,6.31E-05
1504702201,0.15,6.31E-05
1504702261,0.15,6.28E-05
1504702321,0.15,6.21E-05
1504702381,0.15,6.18E-05
1504702441,0.15,6.11E-05
1504702501,0.15,6.04E-05
1504702561,0.15,5.94E-05
1504702621,0.15,5.87E-05
1504702681,0.15,5.77E-05
1504702741,0.15,5.67E-05
1504702801,0.15,5.61E-05
1504702861,0.15,5.51E-05
1504702921,0.15,5.41E-05
1504702981,0.15,5.31E-05
1504703041,0.15,5.24E-05
1504703101,0.15,5.17E-05
1504703161,0.15,5.07E-05
1504703221,0.15,5.01E-05
1504703281,0.15,4.94E-05
1504703341,0.15,4.84E-05
1504703401,0.15,4.77E-05
1504703461,0.15,4.74E-05
1504703521,0.15,4.67E-05
1504703581,0.15,4.61E-05
1504703641,0.15,4.57E-05
1504703701,0.15,4.51E-05
1504703761,0.15,4.47E-05
1504703821,0.15,4.41E-05
1504703881,0.15,4.34E-05
1504703941,0.15,4.31E-05
1504704001,0.15,4.24E-05
1504704061,0.15,4.21E-05
1504704121,0.15,4.17E-05
1504704181,0.15,4.11E-05
1504704241,0.15,4.07E-05
1504704301,0.15,4.01E-05
1504704361,0.15,3.94E-05
1504704421,0.15,3.91E-05
1504704481,0.15,3.84E-05
1504704541,0.15,3.81E-05
1504704601,0.15,3.74E-05
1504704661,0.15,3.71E-05
1504704721,0.15,3.64E-05
1504704781,0.15,3.61E-05
1504704841,0.15,3.54E-05
1504704901,0.15,3.51E-05
1504704961,0.15,3.44E-05
1504705021,0.15,3.37E-05
1504705081,0.15,3.31E-05
1504705141,0.15,3.26E-05
1504705201,0.15,3.20E-05
1504705261,0.15,3.14E-05
1504705321,0.15,3.08E-05
1504705381,0.15,3.02E-05
1504705441,0.15,2.96E-05
1504705501,0.15,2.91E-05
1504705561,0.15,2.86E-05
1504705621,0.15,2.80E-05
1504705681,0.15,2.74E-05
1504705741,0.15,2.68E-05
1504705801,0.15,2.62E-05
1504705861,0.15,2.56E-05
1504705921,0.15,2.50E-05
1504705981,0.15,2.44E-05
1504706041,0.15,2.38E-05
1504706101,0.15,2.33E-05
1504706161,0.15,2.28E-05
1504706221,0.15,2.22E-05
1504706281,0.15,2.17E-05
1504706341,0.15,2.12E-05
1504706401,0.15,2.07E-05
1504706461,0.15,2.03E-05
1504706521,0.15,1.99E-05
1504706581,0.15,1.94E-05
1504706641,0.15,1.91E-05
1504706701,0.15,1.87E-05
1504706761,0.15,1.83E-05
1504706821,0.15,1.79E-05
1504706881,0.15,1.75E-05
1504706941,0.15,1.71E-05
1504707001,0.15,1.68E-05
1504707061,0.15,1.64E-05
1504707121,0.15,1.61E-05
1504707181,0.15,1.58E-05
1504707241,0.15,1.55E-05
1504707301,0.15,1.52E-05
1504707361,0.15,1.50E-05
1504707421,0.15,1.48E-05
1504707481,0.15,1.45E-05
1504707541,0.15,1.43E-05
1504707601,0.15,1.40E-05
1504707661,0.15,1.38E-05
1504707721,0.15,1.35E-05
1504707781,0.15,1.32E-05
1504707841,0.15,1.29E-05
1504707901,0.15,1.26E-05
1504707961,0.15,1.24E-05
1504708021,0.15,1.22E-05
1504708081,0.15,1.21E-05
1504708141,0.15,1.19E-05
1504708201,0.15,1.19E-05
1504708261,0.15,1.19E-05
1504708321,0.15,1.19E-05
1504708381,0.15,1.24E-05
1504708441,0.15,1.30E-05
1504708501,0.15,1.35E-05
1504708561,0.15,1.38E-05
1504708621,0.15,1.38E-05
1504708681,0.15,1.37E-05
1504708741,0.15,1.38E-05
1504708801,0.15,1.46E-05
1504708861,0.15,1.52E-05
1504708921,0.15,1.55E-05
1504708981,0.15,1.56E-05
1504709041,0.15,1.54E-05
1504709101,0.15,1.49E-05
1504709161,0.15,1.43E-05
1504709221,0.15,1.38E-05
1504709281,0.15,1.33E-05
1504709341,0.15,1.28E-05
1504709401,0.15,1.25E-05
1504709461,0.15,1.24E-05
1504709521,0.15,1.23E-05
1504709581,0.15,1.22E-05
1504709641,0.15,1.22E-05
1504709701,0.15,1.22E-05
1504709761,0.15,1.23E-05
1504709821,0.15,1.23E-05
1504709881,0.15,1.24E-05
1504709941,0.15,1.24E-05
1504710001,0.15,1.23E-05
1504710061,0.15,1.22E-05
1504710121,0.15,1.22E-05
1504710181,0.15,1.20E-05
1504710241,0.15,1.17E-05
1504710301,0.15,1.14E-05
1504710361,0.15,1.11E-05
1504710421,0.15,1.06E-05
1504710481,0.15,1.01E-05
1504710541,0.15,9.62E-06
1504710601,0.15,9.22E-06
1504710661,0.15,8.82E-06
1504710721,0.15,8.45E-06
1504710781,0.15,8.12E-06
1504710841,0.15,7.82E-06
1504710901,0.15,7.55E-06
1504710961,0.15,7.28E-06
1504711021,0.15,7.05E-06
1504711081,0.15,6.85E-06
1504711141,0.15,6.65E-06
1504711201,0.15,6.48E-06
1504711261,0.15,6.32E-06
1504711321,0.15,6.15E-06
1504711381,0.15,6.02E-06
1504711441,0.15,5.92E-06
1504711501,0.15,5.82E-06
1504711561,0.15,5.72E-06
1504711621,0.15,5.58E-06
1504711681,0.15,5.48E-06
1504711741,0.15,5.38E-06
1504711801,0.15,5.28E-06
1504711861,0.15,5.21E-06
1504711921,0.15,5.11E-06
1504711981,0.15,5.05E-06
1504712041,0.15,5.01E-06
1504712101,0.15,4.95E-06
1504712161,0.15,4.91E-06
1504712221,0.15,4.91E-06
1504712281,0.15,4.88E-06
1504712341,0.15,4.81E-06
1504712401,0.15,4.78E-06
1504712461,0.15,4.71E-06
1504712521,0.15,4.68E-06
1504712581,0.15,4.61E-06
1504712641,0.15,4.58E-06
1504712701,0.15,4.55E-06
1504712761,0.15,4.51E-06
1504712821,0.15,4.48E-06
1504712881,0.15,4.41E-06
1504712941,0.15,4.38E-06
1504713001,0.15,4.35E-06
1504713061,0.15,4.31E-06
1504713121,0.15,4.41E-06
1504713181,0.15,5.38E-06
1504713241,0.15,7.45E-06
1504713301,0.15,8.55E-06
1504713361,0.15,8.69E-06
1504713421,0.15,8.25E-06
1504713481,0.15,7.85E-06
1504713541,0.15,7.55E-06
1504713601,0.15,7.25E-06
1504713661,0.15,6.98E-06
1504713721,0.15,6.72E-06
1504713781,0.15,6.45E-06
1504713841,0.15,6.22E-06
1504713901,0.15,5.98E-06
1504713961,0.15,5.78E-06
1504714021,0.15,5.58E-06
1504714081,0.15,5.38E-06
1504714141,0.15,5.18E-06
1504714201,0.15,5.01E-06
1504714261,0.15,4.85E-06
1504714321,0.15,4.71E-06
1504714381,0.15,4.58E-06
1504714441,0.15,4.48E-06
1504714501,0.15,4.41E-06
1504714561,0.15,4.41E-06
1504714621,0.15,4.45E-06
1504714681,0.15,4.48E-06
1504714741,0.15,4.48E-06
1504714801,0.15,4.45E-06
1504714861,0.15,4.45E-06
1504714921,0.15,4.38E-06
1504714981,0.15,4.35E-06
1504715041,0.15,4.31E-06
1504715101,0.15,4.28E-06
1504715161,0.15,4.21E-06
1504715221,0.15,4.21E-06
1504715281,0.15,4.25E-06
1504715341,0.15,4.31E-06
1504715401,0.15,4.48E-06
1504715461,0.15,4.65E-06
1504715521,0.15,4.68E-06
1504715581,0.15,4.71E-06
1504715641,0.15,4.78E-06
1504715701,0.15,4.75E-06
1504715761,0.15,4.71E-06
1504715821,0.15,4.68E-06
1504715881,0.15,4.61E-06
1504715941,0.15,4.55E-06
1504716001,0.15,4.48E-06
1504716061,0.15,4.41E-06
1504716121,0.15,4.35E-06
1504716181,0.15,4.31E-06
1504716241,0.15,4.25E-06
1504716301,0.15,4.18E-06
1504716361,0.15,4.11E-06
1504716421,0.15,4.01E-06
1504716481,0.15,3.95E-06
1504716541,0.15,3.91E-06
1504716601,0.15,3.81E-06
1504716661,0.15,3.71E-06
1504716721,0.15,3.61E-06
1504716781,0.15,3.55E-06
1504716841,0.15,3.45E-06
1504716901,0.15,3.35E-06
1504716961,0.15,3.28E-06
1504717021,0.15,3.21E-06
1504717081,0.15,3.14E-06
1504717141,0.15,3.07E-06
1504717201,0.15,3.00E-06
1504717261,0.15,2.94E-06
1504717321,0.15,2.90E-06
1504717381,0.15,2.86E-06
1504717441,0.15,2.83E-06
1504717501,0.15,2.80E-06
1504717561,0.15,2.77E-06
1504717621,0.15,2.74E-06
1504717681,0.15,2.70E-06
1504717741,0.15,2.68E-06
1504717801,0.15,2.67E-06
1504717861,0.15,2.65E-06
1504717921,0.15,2.64E-06
1504717981,0.15,2.65E-06
1504718041,0.15,2.69E-06
1504718101,0.15,2.73E-06
1504718161,0.15,2.77E-06
1504718221,0.15,2.81E-06
1504718281,0.15,2.85E-06
1504718341,0.15,2.85E-06
1504718401,0.15,2.83E-06
1504718461,0.15,2.80E-06
1504718521,0.15,2.79E-06
1504718581,0.15,2.79E-06
1504718641,0.15,2.79E-06
1504718701,0.15,2.84E-06
1504718761,0.15,2.87E-06
1504718821,0.15,2.97E-06
1504718881,0.15,3.24E-06
1504718941,0.15,3.45E-06
1504719001,0.15,3.55E-06
1504719061,0.15,3.51E-06
1504719121,0.15,3.41E-06
1504719181,0.15,3.29E-06
1504719241,0.15,3.14E-06
1504719301,0.15,3.02E-06
1504719361,0.15,2.92E-06
1504719421,0.15,2.84E-06
1504719481,0.15,2.77E-06
1504719541,0.15,2.70E-06
1504719601,0.15,2.64E-06
1504719661,0.15,2.59E-06
1504719721,0.15,2.55E-06
1504719781,0.15,2.51E-06
1504719841,0.15,2.48E-06
1504719901,0.15,2.46E-06
1504719961,0.15,2.44E-06
1504720021,0.15,2.43E-06
1504720081,0.15,2.43E-06
1504720141,0.15,2.42E-06
1504720201,0.15,2.42E-06
1504720261,0.15,2.41E-06
1504720321,0.15,2.38E-06
1504720381,0.15,2.38E-06
1504720441,0.15,2.36E-06
1504720501,0.15,2.37E-06
1504720561,0.15,2.39E-06
1504720621,0.15,2.47E-06
1504720681,0.15,2.77E-06
1504720741,0.15,2.88E-06
1504720801,0.15,2.82E-06
1504720861,0.15,2.72E-06
1504720921,0.15,2.62E-06
1504720981,0.15,2.54E-06
1504721041,0.15,2.47E-06
1504721101,0.15,2.42E-06
1504721161,0.15,2.36E-06
1504721221,0.15,2.36E-06
1504721281,0.15,2.35E-06
1504721341,0.15,2.31E-06
1504721401,0.15,2.27E-06
1504721461,0.15,2.24E-06
1504721521,0.15,2.21E-06
1504721581,0.15,2.20E-06
1504721641,0.15,2.19E-06
1504721701,0.15,2.18E-06
1504721761,0.15,2.19E-06
1504721821,0.15,2.18E-06
1504721881,0.15,2.20E-06
1504721941,0.15,2.21E-06
1504722001,0.15,2.23E-06
1504722061,0.15,2.21E-06
1504722121,0.15,2.18E-06
1504722181,0.15,2.16E-06
1504722241,0.15,2.14E-06
1504722301,0.15,2.12E-06
1504722361,0.15,2.12E-06
1504722421,0.15,2.12E-06
1504722481,0.15,2.12E-06
1504722541,0.15,2.11E-06
1504722601,0.15,2.11E-06
1504722661,0.15,2.11E-06
1504722721,0.15,2.11E-06
1504722781,0.15,2.14E-06
1504722841,0.15,2.20E-06
1504722901,0.15,2.25E-06
1504722961,0.15,2.28E-06
1504723021,0.15,2.26E-06
1504723081,0.15,2.22E-06
1504723141,0.15,2.17E-06
1504723201,0.15,2.13E-06
1504723261,0.15,2.09E-06
1504723321,0.15,2.06E-06
1504723381,0.15,2.03E-06
1504723441,0.15,2.00E-06
1504723501,0.15,1.97E-06
1504723561,0.15,1.96E-06
1504723621,0.15,1.94E-06
1504723681,0.15,1.93E-06
1504723741,0.15,1.91E-06
1504723801,0.15,1.89E-06
1504723861,0.15,1.87E-06
1504723921,0.15,1.85E-06
1504723981,0.15,1.85E-06
1504724041,0.15,1.84E-06
1504724101,0.15,1.83E-06
1504724161,0.15,1.82E-06
1504724221,0.15,1.81E-06
1504724281,0.15,1.80E-06
1504724341,0.15,1.80E-06
1504724401,0.15,1.79E-06
1504724461,0.15,1.79E-06
1504724521,0.15,1.78E-06
1504724581,0.15,1.77E-06
1504724641,0.15,1.75E-06
1504724701,0.15,1.75E-06
1504724761,0.15,1.75E-06
1504724821,0.15,1.76E-06
1504724881,0.15,1.80E-06
1504724941,0.15,1.86E-06
1504725001,0.15,1.89E-06
1504725061,0.15,1.88E-06
1504725121,0.15,1.88E-06
1504725181,0.15,1.89E-06
1504725241,0.15,1.89E-06
1504725301,0.15,1.92E-06
1504725361,0.15,1.95E-06
1504725421,0.15,1.95E-06
1504725481,0.15,2.00E-06
1504725541,0.15,2.10E-06
1504725601,0.15,2.14E-06
1504725661,0.15,2.24E-06
1504725721,0.15,2.54E-06
1504725781,0.15,2.93E-06
1504725841,0.15,3.48E-06
1504725901,0.15,3.81E-06
1504725961,0.15,3.98E-06
1504726021,0.15,4.15E-06
1504726081,0.15,4.38E-06
1504726141,0.15,4.65E-06
1504726201,0.15,4.78E-06
1504726261,0.15,4.68E-06
1504726321,0.15,4.35E-06
1504726381,0.15,4.05E-06
1504726441,0.15,3.75E-06
1504726501,0.15,3.45E-06
1504726561,0.15,3.21E-06
1504726621,0.15,2.99E-06
1504726681,0.15,2.79E-06
1504726741,0.15,2.62E-06
1504726801,0.15,2.48E-06
1504726861,0.15,2.36E-06
1504726921,0.15,2.25E-06
1504726981,0.15,2.17E-06
1504727041,0.15,2.10E-06
1504727101,0.15,2.04E-06
1504727161,0.15,1.97E-06
1504727221,0.15,1.92E-06
1504727281,0.15,1.88E-06
1504727341,0.15,1.85E-06
1504727401,0.15,1.83E-06
1504727461,0.15,1.81E-06
1504727521,0.15,1.81E-06
1504727581,0.15,1.80E-06
1504727641,0.15,1.79E-06
1504727701,0.15,1.75E-06
1504727761,0.15,1.72E-06
1504727821,0.15,1.71E-06
1504727881,0.15,1.70E-06
1504727941,0.15,1.68E-06
1504728001,0.15,1.65E-06
1504728061,0.15,1.63E-06
1504728121,0.15,1.61E-06
1504728181,0.15,1.60E-06
1504728241,0.15,1.59E-06
1504728301,0.15,1.58E-06
1504728361,0.15,1.58E-06
1504728421,0.15,1.57E-06
1504728481,0.15,1.56E-06
1504728541,0.15,1.55E-06
1504728601,0.15,1.56E-06
1504728661,0.15,1.58E-06
1504728721,0.15,1.57E-06
1504728781,0.15,1.55E-06
1504728841,0.15,1.53E-06
1504728901,0.15,1.51E-06
1504728961,0.15,1.49E-06
1504729021,0.15,1.48E-06
1504729081,0.15,1.47E-06
1504729141,0.15,1.46E-06
1504729201,0.15,1.47E-06
1504729261,0.15,1.46E-06
1504729321,0.15,1.47E-06
1504729381,0.15,1.47E-06
1504729441,0.15,1.47E-06
1504729501,0.15,1.47E-06
1504729561,0.15,1.46E-06
1504729621,0.15,1.46E-06
1504729681,0.15,1.46E-06
1504729741,0.15,1.46E-06
1504729801,0.15,1.45E-06
1504729861,0.15,1.44E-06
1504729921,0.15,1.42E-06
1504729981,0.15,1.41E-06
1504730041,0.15,1.39E-06
1504730101,0.15,1.39E-06
1504730161,0.15,1.38E-06
1504730221,0.15,1.37E-06
1504730281,0.15,1.36E-06
1504730341,0.15,1.35E-06
1504730401,0.15,1.34E-06
1504730461,0.15,1.33E-06
1504730521,0.15,1.33E-06
1504730581,0.15,1.32E-06
1504730641,0.15,1.31E-06
1504730701,0.15,1.31E-06
1504730761,0.15,1.30E-06
1504730821,0.15,1.29E-06
1504730881,0.15,1.28E-06
1504730941,0.15,1.27E-06
1504731001,0.15,1.28E-06
1504731061,0.15,1.28E-06
1504731121,0.15,1.27E-06
1504731181,0.15,1.25E-06
1504731241,0.15,1.24E-06
1504731301,0.15,1.24E-06
1504731361,0.15,1.23E-06
1504731421,0.15,1.22E-06
1504731481,0.15,1.22E-06
1504731541,0.15,1.22E-06
1504731601,0.15,1.22E-06
1504731661,0.15,1.21E-06
1504731721,0.15,1.20E-06
1504731781,0.15,1.20E-06
1504731841,0.15,1.20E-06
1504731901,0.15,1.20E-06
1504731961,0.15,1.19E-06
1504732021,0.15,1.19E-06
1504732081,0.15,1.19E-06
1504732141,0.15,1.19E-06
1504732201,0.15,1.19E-06
1504732261,0.15,1.20E-06
1504732321,0.15,1.19E-06
1504732381,0.15,1.18E-06
1504732441,0.15,1.18E-06
1504732501,0.15,1.18E-06
1504732561,0.15,1.17E-06
1504732621,0.15,1.17E-06
1504732681,0.15,1.17E-06
1504732741,0.15,1.16E-06
1504732801,0.15,1.18E-06
1504732861,0.15,1.22E-06
1504732921,0.15,1.28E-06
1504732981,0.15,1.35E-06
1504733041,0.15,1.38E-06
1504733101,0.15,1.37E-06
1504733161,0.15,1.36E-06
1504733221,0.15,1.36E-06
1504733281,0.15,1.33E-06
1504733341,0.15,1.30E-06
1504733401,0.15,1.28E-06
1504733461,0.15,1.26E-06
1504733521,0.15,1.23E-06
1504733581,0.15,1.21E-06
1504733641,0.15,1.19E-06
1504733701,0.15,1.18E-06
1504733761,0.15,1.16E-06
1504733821,0.15,1.15E-06
1504733881,0.15,1.13E-06
1504733941,0.15,1.11E-06
1504734001,0.15,1.10E-06
1504734061,0.15,1.09E-06
1504734121,0.15,1.08E-06
1504734181,0.15,1.07E-06
1504734241,0.15,1.08E-06
1504734301,0.15,1.08E-06
1504734361,0.15,1.08E-06
1504734421,0.15,1.08E-06
1504734481,0.15,1.08E-06
1504734541,0.15,1.07E-06
1504734601,0.15,1.06E-06
1504734661,0.15,1.05E-06
1504734721,0.15,1.04E-06
1504734781,0.15,1.03E-06
1504734841,0.15,1.01E-06
1504734901,0.15,1.00E-06
1504734961,0.15,1.00E-06
1504735021,0.15,1.02E-06
1504735081,0.15,1.06E-06
1504735141,0.15,1.06E-06
1504735201,0.15,1.02E-06
1504735261,0.15,9.89E-07
1504735321,0.15,9.79E-07
1504735381,0.15,9.69E-07
1504735441,0.15,9.59E-07
1504735501,0.15,9.56E-07
1504735561,0.15,9.62E-07
1504735621,0.15,9.79E-07
1504735681,0.15,9.83E-07
1504735741,0.15,9.73E-07
1504735801,0.15,9.56E-07
1504735861,0.15,9.42E-07
1504735921,0.15,9.36E-07
1504735981,0.15,9.46E-07
1504736041,0.15,9.62E-07
1504736101,0.15,9.59E-07
1504736161,0.15,9.66E-07
1504736221,0.15,9.73E-07
1504736281,0.15,9.86E-07
1504736341,0.15,1.01E-06
1504736401,0.15,1.01E-06
1504736461,0.15,1.02E-06
1504736521,0.15,1.02E-06
1504736581,0.15,1.02E-06
1504736641,0.15,1.01E-06
1504736701,0.15,9.99E-07
1504736761,0.15,9.93E-07
1504736821,0.15,9.89E-07
1504736881,0.15,9.93E-07
1504736941,0.15,1.05E-06
1504737001,0.15,1.23E-06
1504737061,0.15,1.30E-06
1504737121,0.15,1.28E-06
1504737181,0.15,1.24E-06
1504737241,0.15,1.19E-06
1504737301,0.15,1.13E-06
1504737361,0.15,1.09E-06
1504737421,0.15,1.06E-06
1504737481,0.15,1.04E-06
1504737541,0.15,1.04E-06
1504737601,0.15,1.03E-06
1504737661,0.15,1.02E-06
1504737721,0.15,1.02E-06
1504737781,0.15,1.01E-06
1504737841,0.15,1.01E-06
1504737901,0.15,1.01E-06
1504737961,0.15,9.96E-07
1504738021,0.15,9.89E-07
1504738081,0.15,9.79E-07
1504738141,0.15,9.73E-07
1504738201,0.15,9.62E-07
1504738261,0.15,9.59E-07
1504738321,0.15,9.86E-07
1504738381,0.15,1.01E-06
1504738441,0.15,1.03E-06
1504738501,0.15,1.09E-06
1504738561,0.15,1.14E-06
1504738621,0.15,1.14E-06
1504738681,0.15,1.13E-06
1504738741,0.15,1.14E-06
1504738801,0.15,1.13E-06
1504738861,0.15,1.11E-06
1504738921,0.15,1.11E-06
1504738981,0.15,1.13E-06
1504739041,0.15,1.15E-06
1504739101,0.15,1.18E-06
1504739161,0.15,1.21E-06
1504739221,0.15,1.24E-06
1504739281,0.15,1.29E-06
1504739341,0.15,1.32E-06
1504739401,0.15,1.37E-06
1504739461,0.15,1.43E-06
1504739521,0.15,1.47E-06
1504739581,0.15,1.49E-06
1504739641,0.15,1.49E-06
1504739701,0.15,1.46E-06
1504739761,0.15,1.42E-06
1504739821,0.15,1.37E-06
1504739881,0.15,1.33E-06
1504739941,0.15,1.29E-06
1504740001,0.15,1.25E-06
1504740061,0.15,1.22E-06
1504740121,0.15,1.19E-06
1504740181,0.15,1.15E-06
1504740241,0.15,1.13E-06
1504740301,0.15,1.13E-06
1504740361,0.15,1.12E-06
1504740421,0.15,1.13E-06
1504740481,0.15,1.13E-06
1504740541,0.15,1.14E-06
1504740601,0.15,1.16E-06
1504740661,0.15,1.16E-06
1504740721,0.15,1.15E-06
1504740781,0.15,1.16E-06
1504740841,0.15,1.17E-06
1504740901,0.15,1.24E-06
1504740961,0.15,1.83E-06
1504741021,0.15,2.79E-06
1504741081,0.15,4.11E-06
1504741141,0.15,4.18E-06
1504741201,0.15,3.71E-06
1504741261,0.15,3.32E-06
1504741321,0.15,3.03E-06
1504741381,0.15,2.80E-06
1504741441,0.15,2.64E-06
1504741501,0.15,2.58E-06
1504741561,0.15,2.53E-06
1504741621,0.15,2.47E-06
1504741681,0.15,2.36E-06
1504741741,0.15,2.20E-06
1504741801,0.15,2.07E-06
1504741861,0.15,2.00E-06
1504741921,0.15,1.90E-06
1504741981,0.15,1.77E-06
1504742041,0.15,1.65E-06
1504742101,0.15,1.57E-06
1504742161,0.15,1.50E-06
1504742221,0.15,1.42E-06
1504742281,0.15,1.35E-06
1504742341,0.15,1.29E-06